{"cameraMode":{"drawMode":0,"name":"Shaded","section":"Shading Mode"},"sceneLighting":true,"audioPlay":false,"sceneViewState":{"showFog":true,"showMaterialUpdate":false,"showSkybox":true,"showFlares":true,"showImageEffects":true,"showParticleSystems":true},"in2DMode":false,"pivot":{"x":6.47125244140625,"y":4.172206878662109,"z":-3.0958757400512697},"rotation":{"x":-0.16887672245502473,"y":-0.7657525539398193,"z":0.2233603298664093,"w":-0.5789856910705566},"size":73.47203826904297,"orthographic":false}